SFMTA SFpark July 2011 Parking Meter Rate Adjustment,,,,,,,,,,,,,,,,,,,,,,,,,
BLOCK,PILOT AREA,"Mon-Fri 
start to noon 

PARKING OCCUPANCY","Mon-Fri 
start to noon 

CURRENT RATE","Mon-Fri 
start to noon 

NEW RATE","Mon-Fri
 start to noon 

ADJUSTMENT","Mon-Fri 
noon to 3 p.m.

PARKING OCCUPANCY","Mon-Fri 
noon to 3 p.m. 

CURRENT RATE","Mon-Fri
noon to 3 p.m. 

NEW RATE","Mon-Fri 
noon to 3 p.m. 

ADJUSTMENT","Mon-Fri 
3 p.m. to end

 PARKING OCCUPANCY","Mon-Fri 3
 p.m. to end 

CURRENT RATE","Mon-Fri 
3 p.m. to end 

NEW RATE","Mon-Fri
3 p.m. to end 

ADJUSTMENT","Saturday 
start to noon 

PARKING OCCUPANCY","Saturday 
start to noon 

CURRENT RATE","Saturday 
start to noon

NEW RATE","Saturday 
start to noon 

ADJUSTMENT","Saturday noon to 3 p.m. 

PARKING OCCUPANCY","Saturday noon to 3 p.m.

CURRENT RATE","Saturday noon to 3 p.m.

NEW RATE","Saturday noon to 3 p.m. 

ADJUSTMENT","Saturday 
3 p.m. to end

 PARKING OCCUPANCY","Saturday 
3 p.m. to end 

CURRENT RATE","Saturday 
3 p.m. to end 

NEW RATE","Saturday
 3 p.m. to end 

ADJUSTMENT"
Franklin St 100,Civic Center,0.2586,$3.00,$2.50,-$0.50,0.4844,$3.00,$2.75,-$0.25,0.6627,$3.00,$3.00,$0.00,0.7911,$3.00,$3.00,$0.00,0.7433,$3.00,$3.00,$0.00,0.5588,$3.00,$2.75,-$0.25
Franklin St 200,Civic Center,0.5606,$3.00,$2.75,-$0.25,0.6364,$3.00,$3.00,$0.00,0.6153,$3.00,$3.00,$0.00,0.5795,$3.00,$2.75,-$0.25,0.7949,$3.00,$3.00,$0.00,0.6832,$3.00,$3.00,$0.00
Franklin St 300,Civic Center,0.2640,$3.00,$2.50,-$0.50,0.5554,$3.00,$2.75,-$0.25,0.5267,$3.00,$2.75,-$0.25,0.2342,$3.00,$2.50,-$0.50,0.3787,$3.00,$2.75,-$0.25,0.4019,$3.00,$2.75,-$0.25
Franklin St 400,Civic Center,0.4716,$3.00,$2.75,-$0.25,0.7365,$3.00,$3.00,$0.00,0.8385,$3.00,$3.25,$0.25,0.3567,$3.00,$2.75,-$0.25,0.6581,$3.00,$3.00,$0.00,0.6667,$3.00,$3.00,$0.00
Franklin St 500,Civic Center,0.4432,$3.00,$2.75,-$0.25,0.5632,$3.00,$2.75,-$0.25,0.6324,$3.00,$3.00,$0.00,0.2896,$3.00,$2.50,-$0.50,0.3077,$3.00,$2.75,-$0.25,0.3492,$3.00,$2.75,-$0.25
Golden Gate 0,Civic Center,0.7440,$2.00,$2.00,$0.00,0.7647,$2.00,$2.00,$0.00,0.6762,$2.00,$2.00,$0.00,0.6256,$2.00,$2.00,$0.00,0.6261,$2.00,$2.00,$0.00,0.5586,$2.00,$1.75,-$0.25
Golden Gate Ave 700,Civic Center,0.5431,$3.00,$2.75,-$0.25,0.7553,$3.00,$3.00,$0.00,0.7233,$3.00,$3.00,$0.00,0.3195,$3.00,$2.75,-$0.25,0.4434,$3.00,$2.75,-$0.25,0.5017,$3.00,$2.75,-$0.25
Gough St 200,Civic Center,0.3714,$2.00,$1.75,-$0.25,0.4845,$2.00,$1.75,-$0.25,0.8082,$2.00,$2.25,$0.25,0.5066,$2.00,$1.75,-$0.25,0.6467,$2.00,$2.00,$0.00,0.5638,$2.00,$1.75,-$0.25
Gough St 300,Civic Center,0.6395,$2.00,$2.00,$0.00,0.8132,$2.00,$2.25,$0.25,0.8536,$2.00,$2.25,$0.25,0.8132,$2.00,$2.25,$0.25,0.9268,$2.00,$2.25,$0.25,0.9035,$2.00,$2.25,$0.25
Gough St 400,Civic Center,0.7136,$2.00,$2.00,$0.00,0.8206,$2.00,$2.25,$0.25,0.7580,$2.00,$2.00,$0.00,0.6811,$2.00,$2.00,$0.00,0.8806,$2.00,$2.25,$0.25,0.8247,$2.00,$2.25,$0.25
Grove St 0,Civic Center,0.6677,$3.00,$3.00,$0.00,0.7988,$3.00,$3.00,$0.00,0.7764,$3.00,$3.00,$0.00,0.5583,$3.00,$2.75,-$0.25,0.7222,$3.00,$3.00,$0.00,0.6909,$3.00,$3.00,$0.00
Grove St 100,Civic Center,0.6052,$3.00,$3.00,$0.00,0.7876,$3.00,$3.00,$0.00,0.7086,$3.00,$3.00,$0.00,0.1655,$3.00,$2.50,-$0.50,0.3421,$3.00,$2.75,-$0.25,0.4210,$3.00,$2.75,-$0.25
Hayes St 0,Civic Center,0.4467,$3.00,$2.75,-$0.25,0.5612,$3.00,$2.75,-$0.25,0.3836,$3.00,$2.75,-$0.25,0.1145,$3.00,$2.50,-$0.50,0.3965,$3.00,$2.75,-$0.25,0.4813,$3.00,$2.75,-$0.25
Hayes St 100,Civic Center,0.2060,$3.00,$2.50,-$0.50,0.3606,$3.00,$2.75,-$0.25,0.1869,$3.00,$2.50,-$0.50,0.1320,$3.00,$2.50,-$0.50,0.2195,$3.00,$2.50,-$0.50,0.2304,$3.00,$2.50,-$0.50
Hayes St 200,Civic Center,0.2144,$3.00,$2.50,-$0.50,0.4429,$3.00,$2.75,-$0.25,0.2267,$3.00,$2.50,-$0.50,0.0682,$3.00,$2.50,-$0.50,0.3766,$3.00,$2.75,-$0.25,0.4107,$3.00,$2.75,-$0.25
Hayes St 300,Civic Center,0.6897,$2.00,$2.00,$0.00,0.8547,$2.00,$2.25,$0.25,0.8388,$2.00,$2.25,$0.25,0.6031,$2.00,$2.00,$0.00,0.8912,$2.00,$2.25,$0.25,0.8783,$2.00,$2.25,$0.25
Hayes St 400,Civic Center,0.7657,$2.00,$2.00,$0.00,0.8758,$2.00,$2.25,$0.25,0.8716,$2.00,$2.25,$0.25,0.9122,$2.00,$2.25,$0.25,0.9253,$2.00,$2.25,$0.25,0.8740,$2.00,$2.25,$0.25
Hayes St 500,Civic Center,0.8129,$2.00,$2.25,$0.25,0.9046,$2.00,$2.25,$0.25,0.8767,$2.00,$2.25,$0.25,0.8924,$2.00,$2.25,$0.25,0.8906,$2.00,$2.25,$0.25,0.8684,$2.00,$2.25,$0.25
Hickory St 0,Civic Center,0.7571,$3.00,$3.00,$0.00,0.8278,$3.00,$3.25,$0.25,0.7643,$3.00,$3.00,$0.00,0.6802,$3.00,$3.00,$0.00,0.7746,$3.00,$3.00,$0.00,0.6493,$3.00,$3.00,$0.00
Hickory St 100,Civic Center,0.5669,$2.00,$1.75,-$0.25,0.5384,$2.00,$1.75,-$0.25,0.8022,$2.00,$2.25,$0.25,0.6806,$2.00,$2.00,$0.00,0.7410,$2.00,$2.00,$0.00,0.6485,$2.00,$2.00,$0.00
Larkin St 100,Civic Center,0.6501,$3.00,$3.00,$0.00,0.8051,$3.00,$3.25,$0.25,0.7610,$3.00,$3.00,$0.00,0.6099,$3.00,$3.00,$0.00,0.8242,$3.00,$3.25,$0.25,0.8255,$3.00,$3.25,$0.25
Larkin St Ave 200,Civic Center,0.8377,$3.00,$3.25,$0.25,0.8623,$3.00,$3.25,$0.25,0.8265,$3.00,$3.25,$0.25,0.7515,$3.00,$3.00,$0.00,0.7562,$3.00,$3.00,$0.00,0.8166,$3.00,$3.25,$0.25
Larkin St St 0,Civic Center,0.5075,$3.00,$2.75,-$0.25,0.7449,$3.00,$3.00,$0.00,0.6818,$3.00,$3.00,$0.00,0.4669,$3.00,$2.75,-$0.25,0.6463,$3.00,$3.00,$0.00,0.6333,$3.00,$3.00,$0.00
Lech Walesa 0,Civic Center,0.8596,$3.00,$3.25,$0.25,0.8533,$3.00,$3.25,$0.25,0.6973,$3.00,$3.00,$0.00,0.6000,$3.00,$3.00,$0.00,0.7837,$3.00,$3.00,$0.00,0.6513,$3.00,$3.00,$0.00
Mcallister St 300,Civic Center,0.8302,$3.00,$3.25,$0.25,0.8751,$3.00,$3.25,$0.25,0.8021,$3.00,$3.25,$0.25,0.6109,$3.00,$3.00,$0.00,0.7060,$3.00,$3.00,$0.00,0.7096,$3.00,$3.00,$0.00
Mcallister St Ave 400,Civic Center,0.6353,$3.00,$3.00,$0.00,0.7035,$3.00,$3.00,$0.00,tow-away,tow-away,tow-away,tow-away,0.3306,$3.00,$2.75,-$0.25,0.4996,$3.00,$2.75,-$0.25,0.4660,$3.00,$2.75,-$0.25
Mcallister St Ave 500,Civic Center,0.3409,$3.00,$2.75,-$0.25,0.4731,$3.00,$2.75,-$0.25,0.6442,$3.00,$3.00,$0.00,0.2260,$3.00,$2.50,-$0.50,0.3465,$3.00,$2.75,-$0.25,0.3201,$3.00,$2.75,-$0.25
Oak St 0,Civic Center,0.6838,$3.00,$3.00,$0.00,0.8921,$3.00,$3.25,$0.25,0.8798,$3.00,$3.25,$0.25,0.7197,$3.00,$3.00,$0.00,0.8449,$3.00,$3.25,$0.25,0.7137,$3.00,$3.00,$0.00
Oak St 100,Civic Center,0.5358,$2.00,$1.75,-$0.25,0.6423,$2.00,$2.00,$0.00,0.7889,$2.00,$2.00,$0.00,0.7492,$2.00,$2.00,$0.00,0.7235,$2.00,$2.00,$0.00,0.5743,$2.00,$1.75,-$0.25
Polk St 100,Civic Center,0.6395,$3.00,$3.00,$0.00,0.7345,$3.00,$3.00,$0.00,0.6585,$3.00,$3.00,$0.00,0.2897,$3.00,$2.50,-$0.50,0.4250,$3.00,$2.75,-$0.25,0.5019,$3.00,$2.75,-$0.25
Polk St Ave 0,Civic Center,0.6714,$3.00,$3.00,$0.00,0.7692,$3.00,$3.00,$0.00,0.7921,$3.00,$3.00,$0.00,0.8941,$3.00,$3.25,$0.25,0.7196,$3.00,$3.00,$0.00,0.7871,$3.00,$3.00,$0.00
Polk St Ave 300,Civic Center,0.9349,$3.00,$3.25,$0.25,0.9439,$3.00,$3.25,$0.25,0.7917,$3.00,$3.00,$0.00,0.6430,$3.00,$3.00,$0.00,0.8416,$3.00,$3.25,$0.25,0.6832,$3.00,$3.00,$0.00
Redwood St Ave 100,Civic Center,0.7909,$3.00,$3.00,$0.00,0.8453,$3.00,$3.25,$0.25,0.7245,$3.00,$3.00,$0.00,0.1857,$3.00,$2.50,-$0.50,0.3117,$3.00,$2.75,-$0.25,0.3530,$3.00,$2.75,-$0.25
Van Ness 100,Civic Center,0.6662,$3.00,$3.00,$0.00,0.8671,$3.00,$3.25,$0.25,0.7663,$3.00,$3.00,$0.00,0.4862,$3.00,$2.75,-$0.25,0.6295,$3.00,$3.00,$0.00,0.4525,$3.00,$2.75,-$0.25
Van Ness 200,Civic Center,0.4995,$3.00,$2.75,-$0.25,0.6741,$3.00,$3.00,$0.00,0.6335,$3.00,$3.00,$0.00,0.2814,$3.00,$2.50,-$0.50,0.3050,$3.00,$2.75,-$0.25,0.2418,$3.00,$2.50,-$0.50
Van Ness 300,Civic Center,0.3339,$3.00,$2.75,-$0.25,0.4140,$3.00,$2.75,-$0.25,0.3304,$3.00,$2.75,-$0.25,0.2033,$3.00,$2.50,-$0.50,0.2391,$3.00,$2.50,-$0.50,0.2196,$3.00,$2.50,-$0.50
Van Ness 400,Civic Center,0.3769,$3.00,$2.75,-$0.25,0.5137,$3.00,$2.75,-$0.25,0.4933,$3.00,$2.75,-$0.25,0.0731,$3.00,$2.50,-$0.50,0.2709,$3.00,$2.50,-$0.50,0.2567,$3.00,$2.50,-$0.50
Van Ness 500,Civic Center,0.4812,$3.00,$2.75,-$0.25,0.6322,$3.00,$3.00,$0.00,0.6766,$3.00,$3.00,$0.00,0.2771,$3.00,$2.50,-$0.50,0.4062,$3.00,$2.75,-$0.25,0.4687,$3.00,$2.75,-$0.25
Van Ness Ave 600,Civic Center,0.5930,$3.00,$2.75,-$0.25,0.6613,$3.00,$3.00,$0.00,0.5643,$3.00,$2.75,-$0.25,0.2908,$3.00,$2.50,-$0.50,0.3652,$3.00,$2.75,-$0.25,0.3913,$3.00,$2.75,-$0.25
1st St 200,Downtown,0.5645,$3.50,$3.25,-$0.25,0.6322,$3.50,$3.50,$0.00,0.6499,$3.50,$3.50,$0.00,0.3259,$3.50,$3.25,-$0.25,0.3577,$3.50,$3.25,-$0.25,0.2909,$3.50,$3.00,-$0.50
2nd St 200,Downtown,0.7524,$3.50,$3.50,$0.00,0.9118,$3.50,$3.75,$0.25,0.8528,$3.50,$3.75,$0.25,0.5270,$3.50,$3.25,-$0.25,0.5056,$3.50,$3.25,-$0.25,0.5820,$3.50,$3.25,-$0.25
Battery St 400,Downtown,0.8745,$3.50,$3.75,$0.25,0.9609,$3.50,$3.75,$0.25,0.8962,$3.50,$3.75,$0.25,0.2886,$3.50,$3.00,-$0.50,0.3376,$3.50,$3.25,-$0.25,0.2929,$3.50,$3.00,-$0.50
Battery St 500,Downtown,0.6412,$3.50,$3.50,$0.00,0.9115,$3.50,$3.75,$0.25,0.8527,$3.50,$3.75,$0.25,0.3195,$3.50,$3.25,-$0.25,0.4053,$3.50,$3.25,-$0.25,0.7123,$3.50,$3.50,$0.00
Clay St 100,Downtown,0.7882,$3.50,$3.50,$0.00,0.8795,$3.50,$3.75,$0.25,0.8523,$3.50,$3.75,$0.25,0.7330,$3.50,$3.50,$0.00,0.7920,$3.50,$3.50,$0.00,0.6379,$3.50,$3.50,$0.00
Clay St 200,Downtown,0.6352,$3.50,$3.50,$0.00,0.5729,$3.50,$3.25,-$0.25,0.6164,$3.50,$3.50,$0.00,0.5100,$3.50,$3.25,-$0.25,0.5914,$3.50,$3.25,-$0.25,0.7632,$3.50,$3.50,$0.00
Clay St 300,Downtown,0.8934,$3.50,$3.75,$0.25,0.9079,$3.50,$3.75,$0.25,0.8885,$3.50,$3.75,$0.25,0.4484,$3.50,$3.25,-$0.25,0.8910,$3.50,$3.75,$0.25,0.8500,$3.50,$3.75,$0.25
Clay St 400,Downtown,0.8980,$3.50,$3.75,$0.25,0.9023,$3.50,$3.75,$0.25,0.9362,$3.50,$3.75,$0.25,0.7608,$3.50,$3.50,$0.00,0.7728,$3.50,$3.50,$0.00,0.8537,$3.50,$3.75,$0.25
Clay St 500,Downtown,0.5907,$3.50,$3.25,-$0.25,loading zone,$3.50,$3.50,$0.00,loading zone,$3.50,$3.50,$0.00,0.4708,$3.50,$3.25,-$0.25,0.4382,$3.50,$3.25,-$0.25,0.6818,$3.50,$3.50,$0.00
Davis St 300,Downtown,0.4988,$3.50,$3.25,-$0.25,0.7391,$3.50,$3.50,$0.00,tow-away,tow-away,tow-away,tow-away,0.4533,$3.50,$3.25,-$0.25,0.9277,$3.50,$3.75,$0.25,0.6078,$3.50,$3.50,$0.00
Drumm St 200,Downtown,0.9580,$3.50,$3.75,$0.25,0.9750,$3.50,$3.75,$0.25,0.9572,$3.50,$3.75,$0.25,0.8700,$3.50,$3.75,$0.25,0.9715,$3.50,$3.75,$0.25,0.9112,$3.50,$3.75,$0.25
Drumm St 300,Downtown,0.8072,$3.00,$3.25,$0.25,0.9433,$3.00,$3.25,$0.25,0.9580,$3.00,$3.25,$0.25,0.9639,$3.00,$3.25,$0.25,0.9535,$3.00,$3.25,$0.25,0.8791,$3.00,$3.25,$0.25
Jackson St 0,Downtown,0.7600,$3.00,$3.00,$0.00,0.9399,$3.00,$3.25,$0.25,0.9387,$3.00,$3.25,$0.25,0.9751,$3.00,$3.25,$0.25,0.9566,$3.00,$3.25,$0.25,0.8013,$3.00,$3.25,$0.25
Jackson St 100,Downtown,0.8118,$3.00,$3.25,$0.25,0.8708,$3.00,$3.25,$0.25,0.8428,$3.00,$3.25,$0.25,0.7935,$3.00,$3.00,$0.00,0.8457,$3.00,$3.25,$0.25,0.7858,$3.00,$3.00,$0.00
Jackson St 200,Downtown,0.7886,$3.00,$3.00,$0.00,0.9185,$3.00,$3.25,$0.25,0.8551,$3.00,$3.25,$0.25,0.3095,$3.00,$2.75,-$0.25,0.7039,$3.00,$3.00,$0.00,0.7551,$3.00,$3.00,$0.00
Jackson St 300,Downtown,0.7155,$3.00,$3.00,$0.00,0.8230,$3.00,$3.25,$0.25,0.7161,$3.00,$3.00,$0.00,0.4620,$3.00,$2.75,-$0.25,0.4560,$3.00,$2.75,-$0.25,0.2704,$3.00,$2.50,-$0.50
Jackson St 400,Downtown,0.7482,$3.00,$3.00,$0.00,0.9691,$3.00,$3.25,$0.25,0.9330,$3.00,$3.25,$0.25,0.4179,$3.00,$2.75,-$0.25,0.7429,$3.00,$3.00,$0.00,0.7223,$3.00,$3.00,$0.00
Market St 0,Downtown,0.9188,$3.50,$3.75,$0.25,0.9119,$3.50,$3.75,$0.25,0.9211,$3.50,$3.75,$0.25,0.9734,$3.50,$3.75,$0.25,0.9958,$3.50,$3.75,$0.25,0.9207,$3.50,$3.75,$0.25
Merchant St 400,Downtown,0.8248,$3.50,$3.75,$0.25,0.9176,$3.50,$3.75,$0.25,0.6438,$3.50,$3.50,$0.00,0.2584,$3.50,$3.00,-$0.50,0.2558,$3.50,$3.00,-$0.50,0.4096,$3.50,$3.25,-$0.25
Mission St 0,Downtown,0.8137,$3.50,$3.75,$0.25,0.8569,$3.50,$3.75,$0.25,0.8821,$3.50,$3.75,$0.25,0.7498,$3.50,$3.50,$0.00,0.8080,$3.50,$3.75,$0.25,0.8374,$3.50,$3.75,$0.25
Mission St 600,Downtown,0.6817,$3.50,$3.50,$0.00,0.7578,$3.50,$3.50,$0.00,tow-away,tow-away,tow-away,tow-away,0.6339,$3.50,$3.50,$0.00,0.8193,$3.50,$3.75,$0.25,0.8046,$3.50,$3.75,$0.25
Montgomery St 1000,Downtown,0.7705,$3.50,$3.50,$0.00,0.9156,$3.50,$3.75,$0.25,0.8903,$3.50,$3.75,$0.25,0.4355,$3.50,$3.25,-$0.25,0.7567,$3.50,$3.50,$0.00,0.7280,$3.50,$3.50,$0.00
Montgomery St 600,Downtown,loading zone,$3.50,$3.50,$0.00,loading zone,$3.50,$3.50,$0.00,loading zone,$3.50,$3.50,$0.00,0.1442,$3.50,$3.00,-$0.50,0.3105,$3.50,$3.25,-$0.25,0.3852,$3.50,$3.25,-$0.25
Natoma St 100,Downtown,0.1718,$3.50,$3.00,-$0.50,0.2103,$3.50,$3.00,-$0.50,0.4672,$3.50,$3.25,-$0.25,0.2906,$3.50,$3.00,-$0.50,0.3798,$3.50,$3.25,-$0.25,0.4579,$3.50,$3.25,-$0.25
Sansome St 500,Downtown,0.7733,$3.50,$3.50,$0.00,0.7892,$3.50,$3.50,$0.00,loading zone,$3.50,$3.50,$0.00,0.2841,$3.50,$3.00,-$0.50,0.2553,$3.50,$3.00,-$0.50,0.2272,$3.50,$3.00,-$0.50
Sansome St 700,Downtown,0.7175,$3.50,$3.50,$0.00,0.7878,$3.50,$3.50,$0.00,0.6873,$3.50,$3.50,$0.00,0.0357,$3.50,$3.00,-$0.50,0.1914,$3.50,$3.00,-$0.50,0.1786,$3.50,$3.00,-$0.50
Steuart St 0,Downtown,0.9618,$3.50,$3.75,$0.25,0.9605,$3.50,$3.75,$0.25,0.9455,$3.50,$3.75,$0.25,0.7867,$3.50,$3.50,$0.00,0.7771,$3.50,$3.50,$0.00,0.7278,$3.50,$3.50,$0.00
Steuart St 100,Downtown,0.6309,$3.50,$3.50,$0.00,0.7983,$3.50,$3.50,$0.00,0.7192,$3.50,$3.50,$0.00,0.6219,$3.50,$3.50,$0.00,0.7535,$3.50,$3.50,$0.00,0.5602,$3.50,$3.25,-$0.25
Tehama St 100,Downtown,0.8006,$3.50,$3.75,$0.25,0.8195,$3.50,$3.75,$0.25,0.7908,$3.50,$3.50,$0.00,0.6932,$3.50,$3.50,$0.00,0.5714,$3.50,$3.25,-$0.25,0.7811,$3.50,$3.50,$0.00
Washington St 100,Downtown,0.6871,$3.50,$3.50,$0.00,0.8832,$3.50,$3.75,$0.25,0.8896,$3.50,$3.75,$0.25,0.8663,$3.50,$3.75,$0.25,0.9483,$3.50,$3.75,$0.25,0.9338,$3.50,$3.75,$0.25
Washington St 200,Downtown,0.8321,$3.50,$3.75,$0.25,0.8899,$3.50,$3.75,$0.25,0.8803,$3.50,$3.75,$0.25,0.8973,$3.50,$3.75,$0.25,0.8779,$3.50,$3.75,$0.25,0.7583,$3.50,$3.50,$0.00
Washington St 300,Downtown,0.8887,$3.50,$3.75,$0.25,0.9512,$3.50,$3.75,$0.25,0.9174,$3.50,$3.75,$0.25,0.5961,$3.50,$3.25,-$0.25,0.7647,$3.50,$3.50,$0.00,0.6507,$3.50,$3.50,$0.00
Washington St 400,Downtown,0.7577,$3.50,$3.50,$0.00,0.8717,$3.50,$3.75,$0.25,0.8441,$3.50,$3.75,$0.25,0.4242,$3.50,$3.25,-$0.25,0.6725,$3.50,$3.50,$0.00,0.4783,$3.50,$3.25,-$0.25
Washington St 500,Downtown,0.7668,$3.50,$3.50,$0.00,0.8942,$3.50,$3.75,$0.25,0.8682,$3.50,$3.75,$0.25,0.2116,$3.50,$3.00,-$0.50,0.2086,$3.50,$3.00,-$0.50,0.1778,$3.50,$3.00,-$0.50
Washington St 600,Downtown,0.7634,$3.50,$3.50,$0.00,0.7909,$3.50,$3.50,$0.00,0.8345,$3.50,$3.75,$0.25,0.3610,$3.50,$3.25,-$0.25,0.6253,$3.50,$3.50,$0.00,0.5754,$3.50,$3.25,-$0.25
Buchanan St 1800,Fillmore,0.7362,$2.00,$2.00,$0.00,0.8327,$2.00,$2.25,$0.25,0.8264,$2.00,$2.25,$0.25,0.8203,$2.00,$2.25,$0.25,0.8908,$2.00,$2.25,$0.25,0.9312,$2.00,$2.25,$0.25
California St 2300,Fillmore,0.8594,$2.00,$2.25,$0.25,0.8635,$2.00,$2.25,$0.25,0.8437,$2.00,$2.25,$0.25,0.7871,$2.00,$2.00,$0.00,0.8935,$2.00,$2.25,$0.25,0.8817,$2.00,$2.25,$0.25
California St 2400,Fillmore,0.7414,$2.00,$2.00,$0.00,0.8417,$2.00,$2.25,$0.25,0.8130,$2.00,$2.25,$0.25,0.8057,$2.00,$2.25,$0.25,0.9362,$2.00,$2.25,$0.25,0.8274,$2.00,$2.25,$0.25
Clay St 2400,Fillmore,0.9732,$2.00,$2.25,$0.25,0.9635,$2.00,$2.25,$0.25,0.9595,$2.00,$2.25,$0.25,0.9019,$2.00,$2.25,$0.25,0.9654,$2.00,$2.25,$0.25,0.9609,$2.00,$2.25,$0.25
Clay St 2500,Fillmore,0.9906,$2.00,$2.25,$0.25,0.9746,$2.00,$2.25,$0.25,0.9116,$2.00,$2.25,$0.25,0.9624,$2.00,$2.25,$0.25,0.9674,$2.00,$2.25,$0.25,0.9536,$2.00,$2.25,$0.25
Fillmore St 1100,Fillmore,0.4752,$2.00,$1.75,-$0.25,0.5912,$2.00,$1.75,-$0.25,0.6191,$2.00,$2.00,$0.00,0.4735,$2.00,$1.75,-$0.25,0.5246,$2.00,$1.75,-$0.25,0.5753,$2.00,$1.75,-$0.25
Fillmore St 1200,Fillmore,0.5961,$2.00,$1.75,-$0.25,0.6692,$2.00,$2.00,$0.00,0.6694,$2.00,$2.00,$0.00,0.5612,$2.00,$1.75,-$0.25,0.6076,$2.00,$2.00,$0.00,0.4777,$2.00,$1.75,-$0.25
Fillmore St 1300,Fillmore,0.6889,$2.00,$2.00,$0.00,0.6557,$2.00,$2.00,$0.00,0.6106,$2.00,$2.00,$0.00,0.7809,$2.00,$2.00,$0.00,0.7093,$2.00,$2.00,$0.00,0.6693,$2.00,$2.00,$0.00
Fillmore St 1400,Fillmore,0.5523,$2.00,$1.75,-$0.25,0.6513,$2.00,$2.00,$0.00,0.7033,$2.00,$2.00,$0.00,0.5012,$2.00,$1.75,-$0.25,0.6113,$2.00,$2.00,$0.00,0.7155,$2.00,$2.00,$0.00
Fillmore St 1500,Fillmore,0.6522,$2.00,$2.00,$0.00,0.7337,$2.00,$2.00,$0.00,0.7200,$2.00,$2.00,$0.00,0.6609,$2.00,$2.00,$0.00,0.7489,$2.00,$2.00,$0.00,0.7360,$2.00,$2.00,$0.00
Fillmore St 1500,Fillmore,0.6210,$2.00,$2.00,$0.00,0.6830,$2.00,$2.00,$0.00,0.6345,$2.00,$2.00,$0.00,0.7001,$2.00,$2.00,$0.00,0.7005,$2.00,$2.00,$0.00,0.7821,$2.00,$2.00,$0.00
Fillmore St 1600,Fillmore,0.6724,$2.00,$2.00,$0.00,0.7376,$2.00,$2.00,$0.00,0.7484,$2.00,$2.00,$0.00,0.6580,$2.00,$2.00,$0.00,0.7778,$2.00,$2.00,$0.00,0.8192,$2.00,$2.25,$0.25
Fillmore St 1700,Fillmore,0.5626,$2.00,$1.75,-$0.25,0.6804,$2.00,$2.00,$0.00,0.6170,$2.00,$2.00,$0.00,0.3510,$2.00,$1.75,-$0.25,0.7386,$2.00,$2.00,$0.00,0.7635,$2.00,$2.00,$0.00
Fillmore St 1800,Fillmore,0.7319,$2.00,$2.00,$0.00,0.8345,$2.00,$2.25,$0.25,0.7732,$2.00,$2.00,$0.00,0.7234,$2.00,$2.00,$0.00,0.7575,$2.00,$2.00,$0.00,0.7722,$2.00,$2.00,$0.00
Fillmore St 1900,Fillmore,0.8095,$2.00,$2.25,$0.25,0.7972,$2.00,$2.00,$0.00,0.7881,$2.00,$2.00,$0.00,0.7479,$2.00,$2.00,$0.00,0.8577,$2.00,$2.25,$0.25,0.8504,$2.00,$2.25,$0.25
Fillmore St 2000,Fillmore,0.7961,$2.00,$2.00,$0.00,0.8226,$2.00,$2.25,$0.25,0.8319,$2.00,$2.25,$0.25,0.7903,$2.00,$2.00,$0.00,0.9009,$2.00,$2.25,$0.25,0.8371,$2.00,$2.25,$0.25
Fillmore St 2100,Fillmore,0.8780,$2.00,$2.25,$0.25,0.9032,$2.00,$2.25,$0.25,0.8806,$2.00,$2.25,$0.25,0.8266,$2.00,$2.25,$0.25,0.8940,$2.00,$2.25,$0.25,0.8807,$2.00,$2.25,$0.25
Fillmore St 2200,Fillmore,0.9389,$2.00,$2.25,$0.25,0.9094,$2.00,$2.25,$0.25,0.9133,$2.00,$2.25,$0.25,0.8643,$2.00,$2.25,$0.25,0.8697,$2.00,$2.25,$0.25,0.8981,$2.00,$2.25,$0.25
Fillmore St 2300,Fillmore,0.8310,$2.00,$2.25,$0.25,0.8138,$2.00,$2.25,$0.25,0.8184,$2.00,$2.25,$0.25,0.6579,$2.00,$2.00,$0.00,0.8874,$2.00,$2.25,$0.25,0.8186,$2.00,$2.25,$0.25
Fillmore St 2400,Fillmore,0.8037,$2.00,$2.25,$0.25,0.8665,$2.00,$2.25,$0.25,0.8286,$2.00,$2.25,$0.25,0.7185,$2.00,$2.00,$0.00,0.8701,$2.00,$2.25,$0.25,0.8714,$2.00,$2.25,$0.25
Geary Blvd 1500,Fillmore,0.5591,$2.00,$1.75,-$0.25,0.7501,$2.00,$2.00,$0.00,0.5931,$2.00,$1.75,-$0.25,0.6478,$2.00,$2.00,$0.00,0.8963,$2.00,$2.25,$0.25,0.9205,$2.00,$2.25,$0.25
Geary Blvd 1600,Fillmore,0.6842,$2.00,$2.00,$0.00,0.7851,$2.00,$2.00,$0.00,0.7661,$2.00,$2.00,$0.00,0.7380,$2.00,$2.00,$0.00,0.8729,$2.00,$2.25,$0.25,0.8819,$2.00,$2.25,$0.25
Geary Blvd 1700,Fillmore,0.6300,$2.00,$2.00,$0.00,0.7302,$2.00,$2.00,$0.00,0.6707,$2.00,$2.00,$0.00,0.6097,$2.00,$2.00,$0.00,0.7906,$2.00,$2.00,$0.00,0.8567,$2.00,$2.25,$0.25
Geary Blvd 1800,Fillmore,0.6266,$2.00,$2.00,$0.00,0.6034,$2.00,$2.00,$0.00,0.4523,$2.00,$1.75,-$0.25,0.7615,$2.00,$2.00,$0.00,0.6377,$2.00,$2.00,$0.00,0.6850,$2.00,$2.00,$0.00
Jackson St 2300,Fillmore,0.7669,$2.00,$2.00,$0.00,0.7187,$2.00,$2.00,$0.00,0.6656,$2.00,$2.00,$0.00,0.6349,$2.00,$2.00,$0.00,0.6650,$2.00,$2.00,$0.00,0.7270,$2.00,$2.00,$0.00
Jackson St 2400,Fillmore,0.6034,$2.00,$2.00,$0.00,0.5217,$2.00,$1.75,-$0.25,0.6298,$2.00,$2.00,$0.00,0.5680,$2.00,$1.75,-$0.25,0.7630,$2.00,$2.00,$0.00,0.7523,$2.00,$2.00,$0.00
Laguna St 1500,Fillmore,0.6291,$2.00,$2.00,$0.00,0.7314,$2.00,$2.00,$0.00,0.5076,$2.00,$1.75,-$0.25,0.7463,$2.00,$2.00,$0.00,0.8339,$2.00,$2.25,$0.25,0.8595,$2.00,$2.25,$0.25
Laguna St 1600,Fillmore,0.4392,$2.00,$1.75,-$0.25,0.6873,$2.00,$2.00,$0.00,0.6664,$2.00,$2.00,$0.00,0.6247,$2.00,$2.00,$0.00,0.8964,$2.00,$2.25,$0.25,0.8268,$2.00,$2.25,$0.25
Pine St 2400,Fillmore,0.9026,$2.00,$2.25,$0.25,0.8146,$2.00,$2.25,$0.25,0.8016,$2.00,$2.25,$0.25,0.9484,$2.00,$2.25,$0.25,0.8348,$2.00,$2.25,$0.25,0.8562,$2.00,$2.25,$0.25
Post St 1600,Fillmore,0.7742,$2.00,$2.00,$0.00,0.9078,$2.00,$2.25,$0.25,0.8749,$2.00,$2.25,$0.25,0.7945,$2.00,$2.00,$0.00,0.9553,$2.00,$2.25,$0.25,0.9515,$2.00,$2.25,$0.25
Post St 1800,Fillmore,0.7804,$2.00,$2.00,$0.00,0.9217,$2.00,$2.25,$0.25,0.9017,$2.00,$2.25,$0.25,0.8418,$2.00,$2.25,$0.25,0.9727,$2.00,$2.25,$0.25,0.9651,$2.00,$2.25,$0.25
Post St 1800,Fillmore,0.5256,$2.00,$1.75,-$0.25,0.7790,$2.00,$2.00,$0.00,0.7668,$2.00,$2.00,$0.00,0.6044,$2.00,$2.00,$0.00,0.9079,$2.00,$2.25,$0.25,0.8753,$2.00,$2.25,$0.25
Post St 2000,Fillmore,0.7152,$2.00,$2.00,$0.00,0.7506,$2.00,$2.00,$0.00,0.6480,$2.00,$2.00,$0.00,0.6357,$2.00,$2.00,$0.00,0.8808,$2.00,$2.25,$0.25,0.8867,$2.00,$2.25,$0.25
Sacramento St 2400,Fillmore,0.7255,$2.00,$2.00,$0.00,0.7945,$2.00,$2.00,$0.00,0.7497,$2.00,$2.00,$0.00,0.7191,$2.00,$2.00,$0.00,0.8029,$2.00,$2.25,$0.25,0.7785,$2.00,$2.00,$0.00
Sacramento St 2500,Fillmore,0.4403,$2.00,$1.75,-$0.25,0.4422,$2.00,$1.75,-$0.25,0.4980,$2.00,$1.75,-$0.25,0.7585,$2.00,$2.00,$0.00,0.7846,$2.00,$2.00,$0.00,0.7310,$2.00,$2.00,$0.00
Steiner St 1500,Fillmore,0.6869,$2.00,$2.00,$0.00,0.6417,$2.00,$2.00,$0.00,0.5726,$2.00,$1.75,-$0.25,0.6843,$2.00,$2.00,$0.00,0.7835,$2.00,$2.00,$0.00,0.8080,$2.00,$2.25,$0.25
Sutter St 1900,Fillmore,0.8491,$2.00,$2.25,$0.25,0.9139,$2.00,$2.25,$0.25,0.8062,$2.00,$2.25,$0.25,0.8563,$2.00,$2.25,$0.25,0.9334,$2.00,$2.25,$0.25,0.8663,$2.00,$2.25,$0.25
Sutter St 2100,Fillmore,0.7046,$2.00,$2.00,$0.00,0.7144,$2.00,$2.00,$0.00,0.6553,$2.00,$2.00,$0.00,0.6516,$2.00,$2.00,$0.00,0.7996,$2.00,$2.00,$0.00,0.7946,$2.00,$2.00,$0.00
Washington St 1200,Fillmore,0.8325,$2.00,$2.25,$0.25,0.9210,$2.00,$2.25,$0.25,0.9321,$2.00,$2.25,$0.25,0.8302,$2.00,$2.25,$0.25,0.9822,$2.00,$2.25,$0.25,0.9424,$2.00,$2.25,$0.25
Washington St 2500,Fillmore,0.8207,$2.00,$2.25,$0.25,0.8313,$2.00,$2.25,$0.25,0.8167,$2.00,$2.25,$0.25,0.7885,$2.00,$2.00,$0.00,0.8801,$2.00,$2.25,$0.25,0.8128,$2.00,$2.25,$0.25
Webster St 1600,Fillmore,0.3849,$2.00,$1.75,-$0.25,0.6250,$2.00,$2.00,$0.00,0.6176,$2.00,$2.00,$0.00,0.3676,$2.00,$1.75,-$0.25,0.7623,$2.00,$2.00,$0.00,0.7237,$2.00,$2.00,$0.00
Webster St 1700,Fillmore,0.8736,$2.00,$2.25,$0.25,0.8985,$2.00,$2.25,$0.25,0.9081,$2.00,$2.25,$0.25,0.8551,$2.00,$2.25,$0.25,0.9839,$2.00,$2.25,$0.25,0.9809,$2.00,$2.25,$0.25
Webster St 2200,Fillmore,0.9473,$2.00,$2.25,$0.25,0.9614,$2.00,$2.25,$0.25,0.8958,$2.00,$2.25,$0.25,0.9005,$2.00,$2.25,$0.25,0.9165,$2.00,$2.25,$0.25,0.9261,$2.00,$2.25,$0.25
Webster St 2300,Fillmore,0.9117,$2.00,$2.25,$0.25,0.8754,$2.00,$2.25,$0.25,0.8961,$2.00,$2.25,$0.25,0.6472,$2.00,$2.00,$0.00,0.8088,$2.00,$2.25,$0.25,0.7839,$2.00,$2.00,$0.00
Bay St 300,Fisherman's Wharf,0.4412,$3.00,$2.75,-$0.25,0.4799,$3.00,$2.75,-$0.25,0.4620,$3.00,$2.75,-$0.25,0.4453,$3.00,$2.75,-$0.25,0.5095,$3.00,$2.75,-$0.25,0.4812,$3.00,$2.75,-$0.25
Bay St 400,Fisherman's Wharf,0.4268,$3.00,$2.75,-$0.25,0.4256,$3.00,$2.75,-$0.25,0.4631,$3.00,$2.75,-$0.25,0.4037,$3.00,$2.75,-$0.25,0.4688,$3.00,$2.75,-$0.25,0.4866,$3.00,$2.75,-$0.25
Bay St 500,Fisherman's Wharf,0.2859,$3.00,$2.50,-$0.50,0.2814,$3.00,$2.50,-$0.50,0.2279,$3.00,$2.50,-$0.50,0.3371,$3.00,$2.75,-$0.25,0.5100,$3.00,$2.75,-$0.25,0.8104,$3.00,$3.25,$0.25
Beach St 2300,Fisherman's Wharf,0.6688,$3.00,$3.00,$0.00,0.7587,$3.00,$3.00,$0.00,0.7588,$3.00,$3.00,$0.00,0.6384,$3.00,$3.00,$0.00,0.7420,$3.00,$3.00,$0.00,0.6746,$3.00,$3.00,$0.00
Beach St 700,Fisherman's Wharf,0.2665,$3.00,$2.50,-$0.50,0.7806,$3.00,$3.00,$0.00,0.6864,$3.00,$3.00,$0.00,0.4594,$3.00,$2.75,-$0.25,0.9255,$3.00,$3.25,$0.25,0.9075,$3.00,$3.25,$0.25
Beach St 800,Fisherman's Wharf,0.5344,$3.00,$2.75,-$0.25,0.8542,$3.00,$3.25,$0.25,0.7984,$3.00,$3.00,$0.00,0.7148,$3.00,$3.00,$0.00,0.9735,$3.00,$3.25,$0.25,0.9605,$3.00,$3.25,$0.25
Beach St St 300,Fisherman's Wharf,0.4300,$3.00,$2.75,-$0.25,0.7630,$3.00,$3.00,$0.00,0.6756,$3.00,$3.00,$0.00,0.5829,$3.00,$2.75,-$0.25,0.8331,$3.00,$3.25,$0.25,0.8068,$3.00,$3.25,$0.25
Beach St St 400,Fisherman's Wharf,0.2708,$3.00,$2.50,-$0.50,0.4740,$3.00,$2.75,-$0.25,0.4522,$3.00,$2.75,-$0.25,0.2919,$3.00,$2.50,-$0.50,0.6915,$3.00,$3.00,$0.00,0.7412,$3.00,$3.00,$0.00
Beach St St 500,Fisherman's Wharf,0.4818,$3.00,$2.75,-$0.25,0.7857,$3.00,$3.00,$0.00,0.6947,$3.00,$3.00,$0.00,0.4477,$3.00,$2.75,-$0.25,0.8430,$3.00,$3.25,$0.25,0.8982,$3.00,$3.25,$0.25
Beach St St 900,Fisherman's Wharf,0.5285,$3.00,$2.75,-$0.25,0.8446,$3.00,$3.25,$0.25,0.7416,$3.00,$3.00,$0.00,0.5083,$3.00,$2.75,-$0.25,0.7997,$3.00,$3.00,$0.00,0.7822,$3.00,$3.00,$0.00
Columbus Ave 1300,Fisherman's Wharf,0.3091,$3.00,$2.75,-$0.25,0.3313,$3.00,$2.75,-$0.25,0.2773,$3.00,$2.50,-$0.50,0.3520,$3.00,$2.75,-$0.25,0.5279,$3.00,$2.75,-$0.25,0.7385,$3.00,$3.00,$0.00
Columbus Ave 200,Fisherman's Wharf,0.4129,$3.00,$2.75,-$0.25,0.6436,$3.00,$3.00,$0.00,0.5843,$3.00,$2.75,-$0.25,0.4883,$3.00,$2.75,-$0.25,0.8316,$3.00,$3.25,$0.25,0.8325,$3.00,$3.25,$0.25
Hyde St 2800,Fisherman's Wharf,0.6152,$3.00,$3.00,$0.00,0.8394,$3.00,$3.25,$0.25,0.8229,$3.00,$3.25,$0.25,0.6967,$3.00,$3.00,$0.00,0.9729,$3.00,$3.25,$0.25,0.9557,$3.00,$3.25,$0.25
Larkin St 3100,Fisherman's Wharf,0.2862,$3.00,$2.50,-$0.50,0.6535,$3.00,$3.00,$0.00,0.6804,$3.00,$3.00,$0.00,0.3405,$3.00,$2.75,-$0.25,0.7146,$3.00,$3.00,$0.00,0.7277,$3.00,$3.00,$0.00
Leavenworth St 2700,Fisherman's Wharf,0.3615,$3.00,$2.75,-$0.25,0.6675,$3.00,$3.00,$0.00,0.5923,$3.00,$2.75,-$0.25,0.4141,$3.00,$2.75,-$0.25,0.8648,$3.00,$3.25,$0.25,0.8338,$3.00,$3.25,$0.25
Leavenworth St 300,Fisherman's Wharf,0.4204,$3.00,$2.75,-$0.25,0.6437,$3.00,$3.00,$0.00,0.5679,$3.00,$2.75,-$0.25,0.2442,$3.00,$2.50,-$0.50,0.7509,$3.00,$3.00,$0.00,0.8197,$3.00,$3.25,$0.25
Mason St 2300,Fisherman's Wharf,0.4435,$3.00,$2.75,-$0.25,0.5025,$3.00,$2.75,-$0.25,0.5223,$3.00,$2.75,-$0.25,0.2867,$3.00,$2.50,-$0.50,0.4610,$3.00,$2.75,-$0.25,0.5491,$3.00,$2.75,-$0.25
Mason St 2400,Fisherman's Wharf,0.5480,$3.00,$2.75,-$0.25,0.6009,$3.00,$3.00,$0.00,0.5688,$3.00,$2.75,-$0.25,0.5105,$3.00,$2.75,-$0.25,0.6168,$3.00,$3.00,$0.00,0.6531,$3.00,$3.00,$0.00
Mason St 2500,Fisherman's Wharf,0.4158,$3.00,$2.75,-$0.25,0.8031,$3.00,$3.25,$0.25,0.6842,$3.00,$3.00,$0.00,0.3803,$3.00,$2.75,-$0.25,0.8343,$3.00,$3.25,$0.25,0.9397,$3.00,$3.25,$0.25
Mason St 2600,Fisherman's Wharf,0.4866,$3.00,$2.75,-$0.25,0.8300,$3.00,$3.25,$0.25,0.8080,$3.00,$3.25,$0.25,0.5284,$3.00,$2.75,-$0.25,0.9399,$3.00,$3.25,$0.25,0.9263,$3.00,$3.25,$0.25
North Point 0,Fisherman's Wharf,0.4323,$3.00,$2.75,-$0.25,0.6496,$3.00,$3.00,$0.00,0.5862,$3.00,$2.75,-$0.25,0.4593,$3.00,$2.75,-$0.25,0.8052,$3.00,$3.25,$0.25,0.8222,$3.00,$3.25,$0.25
North Point 3000,Fisherman's Wharf,0.4148,$3.00,$2.75,-$0.25,0.5676,$3.00,$2.75,-$0.25,0.4866,$3.00,$2.75,-$0.25,0.5755,$3.00,$2.75,-$0.25,0.7498,$3.00,$3.00,$0.00,0.7896,$3.00,$3.00,$0.00
North Point 500,Fisherman's Wharf,0.3358,$3.00,$2.75,-$0.25,0.3443,$3.00,$2.75,-$0.25,0.4022,$3.00,$2.75,-$0.25,0.3145,$3.00,$2.75,-$0.25,0.6383,$3.00,$3.00,$0.00,0.7634,$3.00,$3.00,$0.00
North Point 600,Fisherman's Wharf,0.4941,$3.00,$2.75,-$0.25,0.5239,$3.00,$2.75,-$0.25,0.5599,$3.00,$2.75,-$0.25,0.5111,$3.00,$2.75,-$0.25,0.7320,$3.00,$3.00,$0.00,0.7941,$3.00,$3.00,$0.00
Polk St 400,Fisherman's Wharf,0.4165,$3.00,$2.75,-$0.25,0.7026,$3.00,$3.00,$0.00,0.5659,$3.00,$2.75,-$0.25,0.2344,$3.00,$2.50,-$0.50,0.7610,$3.00,$3.00,$0.00,0.8480,$3.00,$3.25,$0.25
Powell St 2400,Fisherman's Wharf,0.3625,$3.00,$2.75,-$0.25,0.4191,$3.00,$2.75,-$0.25,0.4375,$3.00,$2.75,-$0.25,0.2958,$3.00,$2.50,-$0.50,0.1750,$3.00,$2.50,-$0.50,0.2915,$3.00,$2.50,-$0.50
Powell St 2500,Fisherman's Wharf,0.4490,$3.00,$2.75,-$0.25,0.5305,$3.00,$2.75,-$0.25,0.5066,$3.00,$2.75,-$0.25,0.3509,$3.00,$2.75,-$0.25,0.6118,$3.00,$3.00,$0.00,0.6792,$3.00,$3.00,$0.00
Taylor St 2600,Fisherman's Wharf,0.3855,$3.00,$2.75,-$0.25,0.5243,$3.00,$2.75,-$0.25,0.4605,$3.00,$2.75,-$0.25,0.4668,$3.00,$2.75,-$0.25,0.8152,$3.00,$3.25,$0.25,0.8034,$3.00,$3.25,$0.25
Taylor St 2700,Fisherman's Wharf,0.3571,$3.00,$2.75,-$0.25,0.5649,$3.00,$2.75,-$0.25,0.5277,$3.00,$2.75,-$0.25,0.3429,$3.00,$2.75,-$0.25,0.7807,$3.00,$3.00,$0.00,0.8420,$3.00,$3.25,$0.25
Taylor St 2800,Fisherman's Wharf,0.4203,$3.00,$2.75,-$0.25,0.7820,$3.00,$3.00,$0.00,0.7342,$3.00,$3.00,$0.00,0.4368,$3.00,$2.75,-$0.25,0.8842,$3.00,$3.25,$0.25,0.8291,$3.00,$3.25,$0.25
Avila St 0,Marina,0.7026,$2.00,$2.00,$0.00,0.8407,$2.00,$2.25,$0.25,0.8319,$2.00,$2.25,$0.25,0.7814,$2.00,$2.00,$0.00,0.9323,$2.00,$2.25,$0.25,0.8496,$2.00,$2.25,$0.25
Chestnut St 2000,Marina,0.7854,$2.00,$2.00,$0.00,0.8490,$2.00,$2.25,$0.25,0.8449,$2.00,$2.25,$0.25,0.8159,$2.00,$2.25,$0.25,0.8562,$2.00,$2.25,$0.25,0.8943,$2.00,$2.25,$0.25
Chestnut St 2100,Marina,0.8288,$2.00,$2.25,$0.25,0.8676,$2.00,$2.25,$0.25,0.8405,$2.00,$2.25,$0.25,0.8360,$2.00,$2.25,$0.25,0.9094,$2.00,$2.25,$0.25,0.9251,$2.00,$2.25,$0.25
Chestnut St 2200,Marina,0.8353,$2.00,$2.25,$0.25,0.8609,$2.00,$2.25,$0.25,0.8596,$2.00,$2.25,$0.25,0.8425,$2.00,$2.25,$0.25,0.8769,$2.00,$2.25,$0.25,0.8868,$2.00,$2.25,$0.25
Chestnut St 2300,Marina,0.7848,$2.00,$2.00,$0.00,0.8206,$2.00,$2.25,$0.25,0.8118,$2.00,$2.25,$0.25,0.7922,$2.00,$2.00,$0.00,0.8598,$2.00,$2.25,$0.25,0.8666,$2.00,$2.25,$0.25
Chestnut St 2400,Marina,0.7250,$2.00,$2.00,$0.00,0.7666,$2.00,$2.00,$0.00,0.8429,$2.00,$2.25,$0.25,0.7596,$2.00,$2.00,$0.00,0.8021,$2.00,$2.25,$0.25,0.8789,$2.00,$2.25,$0.25
Divisadero St 3200,Marina,0.5666,$2.00,$1.75,-$0.25,0.7442,$2.00,$2.00,$0.00,0.7717,$2.00,$2.00,$0.00,0.8229,$2.00,$2.25,$0.25,0.8929,$2.00,$2.25,$0.25,0.8963,$2.00,$2.25,$0.25
Fillmore St 3300,Marina,0.8103,$2.00,$2.25,$0.25,0.8282,$2.00,$2.25,$0.25,0.8094,$2.00,$2.25,$0.25,0.8049,$2.00,$2.25,$0.25,0.8869,$2.00,$2.25,$0.25,0.8675,$2.00,$2.25,$0.25
Lombard St 2100,Marina,0.6936,$2.00,$2.00,$0.00,0.8014,$2.00,$2.25,$0.25,0.7395,$2.00,$2.00,$0.00,0.7380,$2.00,$2.00,$0.00,0.8538,$2.00,$2.25,$0.25,0.7102,$2.00,$2.00,$0.00
Lombard St 2200,Marina,0.6116,$2.00,$2.00,$0.00,0.7184,$2.00,$2.00,$0.00,0.7101,$2.00,$2.00,$0.00,0.7171,$2.00,$2.00,$0.00,0.8149,$2.00,$2.25,$0.25,0.8750,$2.00,$2.25,$0.25
Lombard St 2300,Marina,0.5261,$2.00,$1.75,-$0.25,0.6777,$2.00,$2.00,$0.00,0.6292,$2.00,$2.00,$0.00,0.6417,$2.00,$2.00,$0.00,0.8265,$2.00,$2.25,$0.25,0.8465,$2.00,$2.25,$0.25
Lombard St 2400,Marina,0.4062,$2.00,$1.75,-$0.25,0.5634,$2.00,$1.75,-$0.25,0.5537,$2.00,$1.75,-$0.25,0.6148,$2.00,$2.00,$0.00,0.8172,$2.00,$2.25,$0.25,0.8438,$2.00,$2.25,$0.25
Lombard St 3200,Marina,0.4540,$2.00,$1.75,-$0.25,0.5681,$2.00,$1.75,-$0.25,0.5616,$2.00,$1.75,-$0.25,0.6021,$2.00,$2.00,$0.00,0.7533,$2.00,$2.00,$0.00,0.8527,$2.00,$2.25,$0.25
Mallorca Way 2000,Marina,0.6450,$2.00,$2.00,$0.00,0.8843,$2.00,$2.25,$0.25,0.8239,$2.00,$2.25,$0.25,0.8185,$2.00,$2.25,$0.25,0.9829,$2.00,$2.25,$0.25,0.9636,$2.00,$2.25,$0.25
Pierce St 3200,Marina,0.6398,$2.00,$2.00,$0.00,0.8991,$2.00,$2.25,$0.25,0.8749,$2.00,$2.25,$0.25,0.7999,$2.00,$2.00,$0.00,0.9334,$2.00,$2.25,$0.25,0.9795,$2.00,$2.25,$0.25
Pierce St 3300,Marina,0.7358,$2.00,$2.00,$0.00,0.8431,$2.00,$2.25,$0.25,0.8103,$2.00,$2.25,$0.25,0.7860,$2.00,$2.00,$0.00,0.8429,$2.00,$2.25,$0.25,0.8791,$2.00,$2.25,$0.25
Scott St 3300,Marina,0.7528,$2.00,$2.00,$0.00,0.8610,$2.00,$2.25,$0.25,0.8064,$2.00,$2.25,$0.25,0.8130,$2.00,$2.25,$0.25,0.9383,$2.00,$2.25,$0.25,0.9601,$2.00,$2.25,$0.25
Scott St 3300,Marina,0.8235,$2.00,$2.25,$0.25,0.8698,$2.00,$2.25,$0.25,0.8641,$2.00,$2.25,$0.25,0.8734,$2.00,$2.25,$0.25,0.9873,$2.00,$2.25,$0.25,0.9857,$2.00,$2.25,$0.25
Steiner St 0,Marina,0.7402,$2.00,$2.00,$0.00,0.9222,$2.00,$2.25,$0.25,0.9025,$2.00,$2.25,$0.25,0.7384,$2.00,$2.00,$0.00,0.9497,$2.00,$2.25,$0.25,0.9548,$2.00,$2.25,$0.25
16Th St 3100,Mission,0.5919,$2.00,$1.75,-$0.25,0.6854,$2.00,$2.00,$0.00,0.7080,$2.00,$2.00,$0.00,0.6205,$2.00,$2.00,$0.00,0.7654,$2.00,$2.00,$0.00,0.7675,$2.00,$2.00,$0.00
16Th St 3200,Mission,0.5454,$2.00,$1.75,-$0.25,0.8066,$2.00,$2.25,$0.25,0.8196,$2.00,$2.25,$0.25,0.6353,$2.00,$2.00,$0.00,0.8601,$2.00,$2.25,$0.25,0.8678,$2.00,$2.25,$0.25
17Th St 3300,Mission,0.3909,$2.00,$1.75,-$0.25,0.6279,$2.00,$2.00,$0.00,0.6428,$2.00,$2.00,$0.00,0.4726,$2.00,$1.75,-$0.25,0.8775,$2.00,$2.25,$0.25,0.8692,$2.00,$2.25,$0.25
18Th St 3400,Mission,0.4379,$2.00,$1.75,-$0.25,0.6953,$2.00,$2.00,$0.00,0.6722,$2.00,$2.00,$0.00,0.5987,$2.00,$1.75,-$0.25,0.8717,$2.00,$2.25,$0.25,0.9019,$2.00,$2.25,$0.25
19Th St 3500,Mission,0.7424,$2.00,$2.00,$0.00,0.8410,$2.00,$2.25,$0.25,0.8497,$2.00,$2.25,$0.25,0.7482,$2.00,$2.00,$0.00,0.9250,$2.00,$2.25,$0.25,0.9049,$2.00,$2.25,$0.25
20Th St 400,Mission,0.7448,$2.00,$2.00,$0.00,0.7895,$2.00,$2.00,$0.00,0.8160,$2.00,$2.25,$0.25,0.8198,$2.00,$2.25,$0.25,0.8991,$2.00,$2.25,$0.25,0.8768,$2.00,$2.25,$0.25
21St St 3200,Mission,0.7358,$2.00,$2.00,$0.00,0.7553,$2.00,$2.00,$0.00,0.8251,$2.00,$2.25,$0.25,0.7544,$2.00,$2.00,$0.00,0.8582,$2.00,$2.25,$0.25,0.8294,$2.00,$2.25,$0.25
22Nd St 3300,Mission,0.7436,$2.00,$2.00,$0.00,0.8112,$2.00,$2.25,$0.25,0.8211,$2.00,$2.25,$0.25,0.7731,$2.00,$2.00,$0.00,0.8013,$2.00,$2.25,$0.25,0.8175,$2.00,$2.25,$0.25
23Rd St 3400,Mission,0.7131,$2.00,$2.00,$0.00,0.7446,$2.00,$2.00,$0.00,0.7580,$2.00,$2.00,$0.00,0.7097,$2.00,$2.00,$0.00,0.8607,$2.00,$2.25,$0.25,0.8823,$2.00,$2.25,$0.25
Bartlett St 1000,Mission,0.5987,$2.00,$1.75,-$0.25,0.6795,$2.00,$2.00,$0.00,0.7151,$2.00,$2.00,$0.00,0.5074,$2.00,$1.75,-$0.25,0.8174,$2.00,$2.25,$0.25,0.7784,$2.00,$2.00,$0.00
Mission St 2100,Mission,0.6267,$2.00,$2.00,$0.00,0.7061,$2.00,$2.00,$0.00,0.6847,$2.00,$2.00,$0.00,0.6188,$2.00,$2.00,$0.00,0.6325,$2.00,$2.00,$0.00,0.6556,$2.00,$2.00,$0.00
Mission St 2200,Mission,0.6324,$2.00,$2.00,$0.00,0.7553,$2.00,$2.00,$0.00,0.7692,$2.00,$2.00,$0.00,0.5818,$2.00,$1.75,-$0.25,0.7716,$2.00,$2.00,$0.00,0.7664,$2.00,$2.00,$0.00
Mission St 2300,Mission,0.6644,$2.00,$2.00,$0.00,0.8049,$2.00,$2.25,$0.25,0.7737,$2.00,$2.00,$0.00,0.6810,$2.00,$2.00,$0.00,0.8526,$2.00,$2.25,$0.25,0.8039,$2.00,$2.25,$0.25
Mission St 2400,Mission,0.6360,$2.00,$2.00,$0.00,0.7693,$2.00,$2.00,$0.00,0.7976,$2.00,$2.00,$0.00,0.5895,$2.00,$1.75,-$0.25,0.7752,$2.00,$2.00,$0.00,0.7393,$2.00,$2.00,$0.00
Mission St 2500,Mission,0.8084,$2.00,$2.25,$0.25,0.8148,$2.00,$2.25,$0.25,0.8127,$2.00,$2.25,$0.25,0.7736,$2.00,$2.00,$0.00,0.7958,$2.00,$2.00,$0.00,0.7613,$2.00,$2.00,$0.00
Mission St 3000,Mission,0.5438,$2.00,$1.75,-$0.25,0.5556,$2.00,$1.75,-$0.25,0.6317,$2.00,$2.00,$0.00,0.5035,$2.00,$1.75,-$0.25,0.6604,$2.00,$2.00,$0.00,0.7286,$2.00,$2.00,$0.00
Valencia St 0,Mission,0.5702,$2.00,$1.75,-$0.25,0.7186,$2.00,$2.00,$0.00,0.7257,$2.00,$2.00,$0.00,0.5898,$2.00,$1.75,-$0.25,0.8308,$2.00,$2.25,$0.25,0.8481,$2.00,$2.25,$0.25
Valencia St 1100,Mission,0.6818,$2.00,$2.00,$0.00,0.7438,$2.00,$2.00,$0.00,0.7314,$2.00,$2.00,$0.00,0.6929,$2.00,$2.00,$0.00,0.8604,$2.00,$2.25,$0.25,0.8359,$2.00,$2.25,$0.25
Valencia St 1200,Mission,0.7645,$2.00,$2.00,$0.00,0.7784,$2.00,$2.00,$0.00,0.7317,$2.00,$2.00,$0.00,0.7542,$2.00,$2.00,$0.00,0.7677,$2.00,$2.00,$0.00,0.7770,$2.00,$2.00,$0.00
Valencia St 2000,Mission,0.5282,$2.00,$1.75,-$0.25,0.5952,$2.00,$1.75,-$0.25,0.6064,$2.00,$2.00,$0.00,0.5233,$2.00,$1.75,-$0.25,0.7856,$2.00,$2.00,$0.00,0.6937,$2.00,$2.00,$0.00
Valencia St 500,Mission,0.5820,$2.00,$1.75,-$0.25,0.7656,$2.00,$2.00,$0.00,0.7831,$2.00,$2.00,$0.00,0.6838,$2.00,$2.00,$0.00,0.9087,$2.00,$2.25,$0.25,0.8526,$2.00,$2.25,$0.25
Valencia St 600,Mission,0.6463,$2.00,$2.00,$0.00,0.8145,$2.00,$2.25,$0.25,0.8166,$2.00,$2.25,$0.25,0.4762,$2.00,$1.75,-$0.25,0.7895,$2.00,$2.00,$0.00,0.8007,$2.00,$2.25,$0.25
Valencia St 700,Mission,0.5709,$2.00,$1.75,-$0.25,0.7838,$2.00,$2.00,$0.00,0.8197,$2.00,$2.25,$0.25,0.5744,$2.00,$1.75,-$0.25,0.8511,$2.00,$2.25,$0.25,0.8831,$2.00,$2.25,$0.25
Valencia St 800,Mission,0.6852,$2.00,$2.00,$0.00,0.8329,$2.00,$2.25,$0.25,0.8614,$2.00,$2.25,$0.25,0.7313,$2.00,$2.00,$0.00,0.9356,$2.00,$2.25,$0.25,0.9377,$2.00,$2.25,$0.25
Valencia St 900,Mission,0.5106,$2.00,$1.75,-$0.25,0.7200,$2.00,$2.00,$0.00,0.7822,$2.00,$2.00,$0.00,0.6024,$2.00,$2.00,$0.00,0.8776,$2.00,$2.25,$0.25,0.8598,$2.00,$2.25,$0.25
1st St 300,SoMa,0.7232,$3.50,$3.50,$0.00,0.6325,$3.50,$3.50,$0.00,0.6002,$3.50,$3.50,$0.00,0.6500,$3.50,$3.50,$0.00,0.6686,$3.50,$3.50,$0.00,0.7468,$3.50,$3.50,$0.00
2nd St 300,SoMa,0.7489,$3.50,$3.50,$0.00,0.8469,$3.50,$3.75,$0.25,0.7756,$3.50,$3.50,$0.00,0.2925,$3.50,$3.00,-$0.50,0.3589,$3.50,$3.25,-$0.25,0.5299,$3.50,$3.25,-$0.25
2nd St 400,SoMa,0.2780,$3.50,$3.00,-$0.50,0.5038,$3.50,$3.25,-$0.25,0.4924,$3.50,$3.25,-$0.25,0.1287,$3.50,$3.00,-$0.50,0.2049,$3.50,$3.00,-$0.50,0.4308,$3.50,$3.25,-$0.25
2nd St 500,SoMa,0.5272,$3.50,$3.25,-$0.25,0.7696,$3.50,$3.50,$0.00,0.7128,$3.50,$3.50,$0.00,0.3237,$3.50,$3.25,-$0.25,0.7734,$3.50,$3.50,$0.00,0.8375,$3.50,$3.75,$0.25
2nd St 600,SoMa,0.5878,$3.50,$3.25,-$0.25,0.7334,$3.50,$3.50,$0.00,0.6386,$3.50,$3.50,$0.00,0.2450,$3.50,$3.00,-$0.50,0.5485,$3.50,$3.25,-$0.25,0.5557,$3.50,$3.25,-$0.25
2nd St 700,SoMa,0.5583,$3.50,$3.25,-$0.25,0.7897,$3.50,$3.50,$0.00,0.5800,$3.50,$3.25,-$0.25,0.5777,$3.50,$3.25,-$0.25,0.8309,$3.50,$3.75,$0.25,0.8182,$3.50,$3.75,$0.25
3rd St ,SoMa,0.6427,$3.50,$3.50,$0.00,0.7748,$3.50,$3.50,$0.00,0.6667,$3.50,$3.50,$0.00,0.4710,$3.50,$3.25,-$0.25,0.6265,$3.50,$3.50,$0.00,0.6872,$3.50,$3.50,$0.00
3rd St 300,SoMa,0.2269,$3.50,$3.00,-$0.50,0.4524,$3.50,$3.25,-$0.25,0.4359,$3.50,$3.25,-$0.25,0.1738,$3.50,$3.00,-$0.50,0.4274,$3.50,$3.25,-$0.25,0.5007,$3.50,$3.25,-$0.25
3rd St 400,SoMa,0.1936,$3.50,$3.00,-$0.50,0.3169,$3.50,$3.25,-$0.25,0.1740,$3.50,$3.00,-$0.50,0.2256,$3.50,$3.00,-$0.50,0.3817,$3.50,$3.25,-$0.25,0.4315,$3.50,$3.25,-$0.25
3rd St 500,SoMa,0.3457,$3.50,$3.25,-$0.25,0.4570,$3.50,$3.25,-$0.25,0.4703,$3.50,$3.25,-$0.25,0.1162,$3.50,$3.00,-$0.50,0.2107,$3.50,$3.00,-$0.50,0.3401,$3.50,$3.25,-$0.25
3rd St 600,SoMa,0.5296,$3.50,$3.25,-$0.25,0.6403,$3.50,$3.50,$0.00,0.6101,$3.50,$3.50,$0.00,0.1039,$3.50,$3.00,-$0.50,0.2532,$3.50,$3.00,-$0.50,0.4210,$3.50,$3.25,-$0.25
4th St 600,SoMa,0.6203,$3.50,$3.50,$0.00,0.7304,$3.50,$3.50,$0.00,0.6597,$3.50,$3.50,$0.00,0.4179,$3.50,$3.25,-$0.25,0.5378,$3.50,$3.25,-$0.25,0.6139,$3.50,$3.50,$0.00
Brannan St 200,SoMa,0.4869,$3.50,$3.25,-$0.25,0.5752,$3.50,$3.25,-$0.25,0.5261,$3.50,$3.25,-$0.25,0.2557,$3.50,$3.00,-$0.50,0.3947,$3.50,$3.25,-$0.25,0.6330,$3.50,$3.50,$0.00
Brannan St 300,SoMa,0.5423,$3.50,$3.25,-$0.25,0.6900,$3.50,$3.50,$0.00,0.6250,$3.50,$3.50,$0.00,0.2632,$3.50,$3.00,-$0.50,0.4276,$3.50,$3.25,-$0.25,0.6034,$3.50,$3.50,$0.00
Brannan St 400,SoMa,0.5395,$3.50,$3.25,-$0.25,0.6704,$3.50,$3.50,$0.00,0.6585,$3.50,$3.50,$0.00,0.3854,$3.50,$3.25,-$0.25,0.4691,$3.50,$3.25,-$0.25,0.5394,$3.50,$3.25,-$0.25
Brannan St 500,SoMa,0.4246,$3.00,$2.75,-$0.25,0.6382,$3.00,$3.00,$0.00,0.5145,$3.00,$2.75,-$0.25,0.1891,$3.00,$2.50,-$0.50,0.3664,$3.00,$2.75,-$0.25,0.5864,$3.00,$2.75,-$0.25
Bryant St 300,SoMa,0.3565,$3.50,$3.25,-$0.25,0.4083,$3.50,$3.25,-$0.25,0.3318,$3.50,$3.25,-$0.25,0.1123,$3.50,$3.00,-$0.50,0.1249,$3.50,$3.00,-$0.50,0.2171,$3.50,$3.00,-$0.50
Bryant St 500,SoMa,0.4177,$3.50,$3.25,-$0.25,0.5518,$3.50,$3.25,-$0.25,0.4916,$3.50,$3.25,-$0.25,0.1472,$3.50,$3.00,-$0.50,0.2795,$3.50,$3.00,-$0.50,0.3743,$3.50,$3.25,-$0.25
Bryant St 500,SoMa,0.5670,$3.50,$3.25,-$0.25,0.6536,$3.50,$3.50,$0.00,0.5854,$3.50,$3.25,-$0.25,0.2491,$3.50,$3.00,-$0.50,0.3569,$3.50,$3.25,-$0.25,0.4708,$3.50,$3.25,-$0.25
Folsom St 0,SoMa,0.6627,$3.50,$3.50,$0.00,0.8031,$3.50,$3.75,$0.25,0.7322,$3.50,$3.50,$0.00,0.4165,$3.50,$3.25,-$0.25,0.5499,$3.50,$3.25,-$0.25,0.3428,$3.50,$3.25,-$0.25
Folsom St 500,SoMa,0.8204,$3.50,$3.75,$0.25,0.7606,$3.50,$3.50,$0.00,0.6290,$3.50,$3.50,$0.00,0.4635,$3.50,$3.25,-$0.25,0.3663,$3.50,$3.25,-$0.25,0.3373,$3.50,$3.25,-$0.25
Folsom St 700,SoMa,0.7159,$3.50,$3.50,$0.00,0.7862,$3.50,$3.50,$0.00,0.7193,$3.50,$3.50,$0.00,0.2413,$3.50,$3.00,-$0.50,0.4043,$3.50,$3.25,-$0.25,0.5086,$3.50,$3.25,-$0.25
Harrison St 0,SoMa,0.3785,$3.50,$3.25,-$0.25,0.6626,$3.50,$3.50,$0.00,0.6036,$3.50,$3.50,$0.00,0.3144,$3.50,$3.25,-$0.25,0.7161,$3.50,$3.50,$0.00,0.6806,$3.50,$3.50,$0.00
Harrison St 100,SoMa,0.1426,$3.50,$3.00,-$0.50,0.4039,$3.50,$3.25,-$0.25,0.2725,$3.50,$3.00,-$0.50,0.0065,$3.50,$3.00,-$0.50,0.4172,$3.50,$3.25,-$0.25,0.6328,$3.50,$3.50,$0.00
Harrison St 600,SoMa,0.4953,$3.50,$3.25,-$0.25,0.4463,$3.50,$3.25,-$0.25,0.3945,$3.50,$3.25,-$0.25,0.3550,$3.50,$3.25,-$0.25,0.4181,$3.50,$3.25,-$0.25,0.5915,$3.50,$3.25,-$0.25
Hawthorne St 100,SoMa,0.8388,$3.50,$3.75,$0.25,0.8273,$3.50,$3.75,$0.25,0.7849,$3.50,$3.50,$0.00,0.2956,$3.50,$3.00,-$0.50,0.4219,$3.50,$3.25,-$0.25,0.4348,$3.50,$3.25,-$0.25
King St 100,SoMa,0.6900,$3.50,$3.50,$0.00,0.8285,$3.50,$3.75,$0.25,0.7815,$3.50,$3.50,$0.00,0.2619,$3.50,$3.00,-$0.50,0.6660,$3.50,$3.50,$0.00,0.7221,$3.50,$3.50,$0.00
Main St 300,SoMa,0.4038,$3.50,$3.25,-$0.25,0.4936,$3.50,$3.25,-$0.25,0.6777,$3.50,$3.50,$0.00,0.2406,$3.50,$3.00,-$0.50,0.2835,$3.50,$3.00,-$0.50,0.3506,$3.50,$3.25,-$0.25
Spear St 300,SoMa,0.7141,$3.50,$3.50,$0.00,0.9177,$3.50,$3.75,$0.25,0.8706,$3.50,$3.75,$0.25,0.3974,$3.50,$3.25,-$0.25,0.5537,$3.50,$3.25,-$0.25,0.7408,$3.50,$3.50,$0.00
Townsend St 100,SoMa,0.5125,$3.50,$3.25,-$0.25,0.6767,$3.50,$3.50,$0.00,0.6517,$3.50,$3.50,$0.00,0.4451,$3.50,$3.25,-$0.25,0.5615,$3.50,$3.25,-$0.25,0.6226,$3.50,$3.50,$0.00
Townsend St 200,SoMa,0.7868,$3.50,$3.50,$0.00,0.8035,$3.50,$3.75,$0.25,0.7432,$3.50,$3.50,$0.00,0.4856,$3.50,$3.25,-$0.25,0.7456,$3.50,$3.50,$0.00,0.7427,$3.50,$3.50,$0.00
Townsend St 300,SoMa,0.7132,$3.50,$3.50,$0.00,0.7772,$3.50,$3.50,$0.00,0.7293,$3.50,$3.50,$0.00,0.6479,$3.50,$3.50,$0.00,0.7766,$3.50,$3.50,$0.00,0.8354,$3.50,$3.75,$0.25
Townsend St 400,SoMa,0.7682,$3.50,$3.50,$0.00,0.8414,$3.50,$3.75,$0.25,0.7481,$3.50,$3.50,$0.00,0.6821,$3.50,$3.50,$0.00,0.7147,$3.50,$3.50,$0.00,0.6856,$3.50,$3.50,$0.00